"商品A","100","1"
"商品E",5000,3

商品1,5000,3
商品2,5000,3
商品3,5000,3
商品4,5000,3
商品5,5000,3
商品6,5000,3
商品7,5000,3
商品8,5000,3
商品9,5000,3
商品10,5000,3
商品11,5000,3
商品12,5000,3
商品13,5000,3
商品14,5000,3
商品15,5000,3
商品16,5000,3
商品17,5000,3
商品18,5000,3
商品19,5000,3
商品20,5000,3
商品21,5000,3
商品22,5000,3
商品23,5000,3
商品24,5000,3
商品25,5000,3
商品26,5000,3
商品27,5000,3
商品28,5000,3
商品29,5000,3
商品30,5000,3
商品31,5000,3
商品32,5000,3
商品33,5000,3
商品34,5000,3
商品35,5000,3
商品36,5000,3
商品37,5000,3
商品38,5000,3
商品39,5000,3
商品40,5000,3
商品41,5000,3
商品42,5000,3
